33.2	8.33	12.83	378	    35.8	4.2	0.012	5.18
32.6	8.11	8.48	384.9	32.7	3.9	0.017	5.16
32.6	8.21	9.21	389.2	21.5	4.7	0.021	5.43
34.2	8.93	14.23	394.2	33.8	3.1	0.023	5.22
33.8	8.77	12.9	399.9	34.7	2.9	0.01	5.3
33.1	8.68	11.84	404.6	19.5	2.8	0.008	5.31
32.9	8.64	10.56	413.2	15.3	3.2	0.01	5.46
33.9	8.8	    12.45	412.3	15.5	4.2	0.035	5.14
34	    9.02	14.45	403.5	18.1	3.3	0.02	5.42
34.9	8.98	14.08	382.8	20	    3	0.015	5.27
34.2	8.83	12.34	379.7	15.5	2.9	0.008	5.22
33.4	8.57	12.28	390.2	14.6	2.9	0.007	5.22
33.2	8.57	11.8	399.2	15.8	3.3	0.011	5.47
33.8	8.94	13.53	400.5	19.3	3.9	0.011	5.39
34.2	8.97	13.04	398.2	22.5	4.7	0.006	5.33
34.8	9.05	14.34	377.6	22.2	3.1	0.007	5.34
34.2	8.93	14.26	372.9	24.9	2.9	0.007	5.38
33.4	8.72	12.64	379.8	20.3	2.8	0.003	5.38
33.3	8.68	12.71	390.2	25.6	3.2	0.008	5.52
34.3	9.1	    14.93	390.6	23.8	4.2	0.009	5.57
33.8	8.79	12.89	402.3	24	    3.3	0.009	5.46
32.6	8.23	9.66	429.9	24	    3	0.01	5.59
31.8	7.69	7.31	445.1	24.2	2.9	0.024	5.46
23.8	7.84	7.38	688.2	17.7	5	0.031	2.64
23.6	8.04	8.64	688.7	14.9	4.8	0.025	2.73
23.5	7.95	8.23	689.3	14	    4.7	0.019	2.75
23.7	8.21	9.62	688.4	14.5	6.1	0.031	3
24.1	8.32	10.07	687.8	13.6	5.3	0.02	2.76
24.3	8.71	12.31	675	    16.5	6.8	0.024	2.93
23.6	8.03	9.05	685.5	17.7	6.3	0.031	2.96
23.4	7.9	    7.77	690.9	15	    4.5	0.022	2.81
23.2	7.8	    7.05	693.2	14.3	4.3	0.016	2.75
23.4	7.99	8.22	692.5	15.3	5.1	0.026	2.89
23.6	7.94	7.9	    691.6	15.1	4.4	0.016	2.64
23.5	7.86	7.34	691.1	13.6	4.3	0.017	2.63
23.1	7.86	7.36	692	15	4.2	    0.018	    2.63
22.9	8.01	8.1	    691.3	15.3	4.2	0.016	2.69
22.8	8.21	9.11	688.3	15.9	4.2	0.019	2.67
23.7	8.53	10.82	687.5	11.8	5.1	0.017	2.79
24.3	8.86	12.73	676	17.6	8.2	0.038	2.95
23.6	8.72	11.77	680.1	17.4	5.9	0.029	2.77
23	8.56	10.7	684.3	20.1	5.7	0.029	2.74
22.4	8.44	9.99	686	18.2	5.2	0.021	2.71
21.7	8.26	8.99	688.1	16.7	4.8	0.022	2.72
22.6	8.5	10.64	688.5	16.3	6.2	0.024	2.95
24.1	8.93	12.86	678.7	15.5	6.1	0.024	2.65
23.5	8.97	13.34	673.6	16.2	6	0.021	2.67
22.5	8.71	11.21	681.5	16.2	5	0.018	2.58
21.5	8.52	10.19	684.8	18	4.9	0.02	2.59
21.4	8.4	9.75	688.9	15.7	5.4	0.022	2.78
22.9	8.86	12.67	683.1	16.1	6.4	0.026	2.71
23.4	9.04	13.79	671.1	17.3	6	0.024	2.56
22.4	8.9	12.58	676.6	15.7	5.5	0.019	2.54
21.7	8.63	10.71	683.8	18.6	5.5	0.02	2.58
21	8.57	10.12	685	20.4	5.1	0.021	2.51
20.9	8.53	9.98	686.9	17.9	5.3	0.019	2.6
23.5	8.79	11.58	688.2	13	4.6	0.013	2.37
22	9.1	14.29	666.3	20.1	7.6	0.028	2.57
22	8.97	13.83	670.4	17.4	5.1	0.02	2.47
21.5	8.8	12.77	667.8	17.1	4.9	0.014	2.42
21.1	8.63	11.58	671	21.6	5.8	0.021	2.45
20.8	8.6	11.33	672.1	22.6	5.4	0.02	2.45
22	8.95	13.22	671.2	17	5	0.014	2.39
21.5	9.02	14.21	658.9	20.6	6.4	0.02	2.41
21.5	8.82	12.81	662.9	19.5	5.4	0.016	2.35
21.9	8.82	13.04	656.6	20.6	5.1	0.014	2.28
21.5	8.81	12.84	657	19.1	4.4	0.013	2.25
21.2	8.73	12.14	662.1	20.4	4.6	0.014	2.34
22	8.91	13.22	658.7	20.1	4.9	0.017	2.19
21.9	8.83	12.28	658.1	20.9	5	0.018	2.11
21.8	8.79	12.13	658.1	19.8	4.6	0.013	2.22
21.6	8.8	12.53	653.4	19.9	4.6	0.013	2.19
21.1	8.67	11.6	657.1	22.5	4.7	0.018	2.25
20.8	8.65	11.56	657.1	21.5	4.7	0.018	2.26
21.3	9.01	13.33	656.7	24.3	9	0.034	2.96
21.4	9.21	14.91	648.4	30.2	13.9	0.05	3.38
21.2	9.01	13.14	654.6	30	7.4	0.037	3
21	8.85	11.66	657.6	29.4	6.8	0.034	2.84
20.8	8.72	11.18	660.4	28.5	6.1	0.033	2.68
20.6	8.61	10.65	663.7	27.2	5.3	0.026	2.57
21.2	9.04	13.36	657.1	31.3	16.9	0.053	3.33
21.2	8.68	10.7	661.4	25.2	5.6	0.03	2.52
21.4	8.94	12.16	654	32.2	5.1	0.024	2.5
20.8	8.71	10.68	659.3	27.9	4.8	0.024	2.45
20.4	8.61	10.02	660.2	26.1	4.7	0.023	2.41
20.4	8.56	9.71	665.9	24	4.7	0.022	2.48
21	8.73	10.42	665	27.6	4.6	0.018	2.33
21.5	8.92	11.44	660.1	29	6.7	0.032	2.56
20.9	8.79	10.56	661	25.8	5	0.022	2.5
20.3	8.67	9.91	662.2	26.5	4.9	0.023	2.4
19.6	8.56	9.2	661.7	26.3	4.6	0.023	2.27
19.5	8.54	9.02	664.3	26.8	4.5	0.021	2.34
20.6	8.85	11.19	663.8	29.5	6.6	0.032	2.7
20.7	8.98	11.71	657.1	33.8	6.5	0.031	2.65
20	8.76	10.19	660.1	28	5.1	0.024	2.43
19.6	8.61	9.29	663.5	33.6	4.7	0.025	2.34
19.1	8.52	8.86	665.1	26.9	4.7	0.025	2.4
19.2	8.42	8.54	667.3	25.2	4.6	0.022	2.42
21	8.75	10.13	665.1	28.4	5	0.022	2.33
21.7	8.92	11.38	656.7	28.2	5	0.023	2.23
20.8	8.79	10.51	655.1	23.6	4.6	0.018	2.26
20.1	8.68	9.94	660.2	25.2	4.4	0.018	2.29
19.5	8.59	9.48	656.4	29.3	4.4	0.021	2.31
19.2	8.54	9.15	660.1	30.4	4.7	0.023	2.34
21.2	8.71	10.09	644.4	26.6	5.1	0.021	2.26
21.4	8.84	10.73	657.8	27.8	4.7	0.022	2.08
20.8	8.97	11.93	652.5	29.6	4.7	0.02	2.16
20.4	8.87	10.67	653.8	30.7	4.6	0.016	2.04
20	8.7	9.66	657.5	29	4.4	0.021	2.07
19.6	8.71	9.52	657.1	29.1	4.2	0.022	2.03
21	8.91	10.83	637	28.3	4.4	0.015	1.97
21.3	8.99	11.52	650	30.1	4.6	0.016	1.96
20.9	8.95	11.33	644.7	30.7	4.4	0.012	1.94
20.3	8.89	11.03	636.4	28.7	4.3	0.01	1.9
19.8	8.75	9.72	656.1	29.8	4.3	0.015	1.95
19.4	8.73	10.38	653.3	40.4	4.3	0.021	2.01
19.7	8.68	10.25	640.6	36.7	4.5	0.015	2.04
20.2	8.77	10.67	656.8	33.2	5.4	0.026	2.18
19.7	8.64	9.73	646.9	39.8	4.9	0.021	2.13
19.1	8.52	8.95	661.1	43.9	4.7	0.022	2.09
18.5	8.42	8.3	663.4	41.8	4.5	0.02	2.12
18.5	8.34	8.23	665.3	36.1	4.5	0.022	2.17
20	8.69	9.54	663.6	34	4.8	0.018	2.14
19.2	8.63	9.67	650.1	42.6	4.7	0.017	1.98
18.6	8.56	8.82	661.3	42.7	4.4	0.015	1.99
18.1	8.62	8.79	662.4	47	4.4	0.013	1.98
17.6	8.53	8.22	662.9	46.5	4	0.014	1.9
17.4	8.48	8.05	666.8	42.2	4.1	0.019	1.85
19.2	8.62	9.36	657	38.7	4.7	0.016	2.06
20.3	8.85	10.94	662.4	45.6	5.6	0.025	2.15
19.4	8.76	10.26	662.4	42.5	4.5	0.012	2.02
18.6	8.64	9.32	664.9	43.9	4.1	0.013	2.01
18	8.54	9.02	666.4	46.8	4.2	0.019	1.99
17.8	8.5	8.59	669.2	46.7	4.1	0.021	2
18.4	8.63	9.41	668.3	41.9	4.5	0.021	2.08
18.1	8.87	12.31	677	22.8	3.9	0.036	2.03
17.5	8.5	11.77	734.9	25.2	7.5	0.025	2.08
17	8.43	10.29	737.2	25.2	7.3	0.021	2.1
16.6	8.28	10.21	741.6	23.9	7.2	0.024	2.17
16.6	8.24	9.96	743.8	21.3	7.3	0.02	2.16
18.4	8.68	13.57	740.3	20.2	8.8	0.024	2.24
18.3	8.78	14.91	729.5	24.1	10.6	0.032	2.44
17.5	8.71	14.08	732	20.4	8.1	0.024	2.26
16.8	8.51	11.97	738	21.4	7.5	0.019	2.14
16.3	8.44	11.22	741.4	27	7.2	0.019	2.01
15.9	8.45	11.32	742.3	24.5	8.1	0.026	2.18
17.4	8.57	12.67	741.6	21.6	8.2	0.022	2.19
18.1	8.72	13.95	734.8	20.9	8	0.024	2.07
17	8.62	12.63	734.8	17.9	6.9	0.018	1.98
16.3	8.43	11.1	739.9	21.6	7	0.017	2.1
15.8	8.35	10.3	743.2	29.1	7	0.02	1.98
15.5	8.27	9.9	746.4	23.1	7.2	0.02	2.12
16.5	8.69	13.74	739.6	28.8	12.3	0.042	2.71
16.3	8.45	11.72	739.3	24.5	7.8	0.027	2.16
16.4	8.62	13.11	737.9	19	7.4	0.016	2.1
15.9	8.48	11.35	740.6	24.6	7	0.018	2.03
15.4	8.43	10.92	743.1	27.6	7.2	0.02	2.06
15.1	8.39	10.61	745.4	23	7.2	0.021	2.03
16.5	8.66	12.92	741.7	23.5	8.5	0.022	2.18
16.8	8.82	15.29	732.6	22.9	8.7	0.034	2.09
16.8	8.83	15.03	732.9	20.6	8.1	0.026	2.09
16.2	8.73	13.77	735.7	20.4	7.7	0.028	2.07
15.9	8.66	12.89	738.9	24.9	7.8	0.022	2.14
15.6	8.59	12.17	741.6	25.3	7.8	0.029	2.07
16.4	8.84	15.11	736.4	26.3	10.5	0.037	2.45
16.4	8.86	15.21	733.4	22.5	8.5	0.028	2.11
16.6	8.85	15.36	733	20.7	7.7	0.023	2.05
16.3	8.7	13.28	736.6	20.3	7.5	0.021	2
16	8.59	12.12	739.8	21.8	7.4	0.022	2.03
16.9	8.8	14.19	732.2	23.2	10.2	0.043	2.73
16.4	8.73	13.69	733.1	22	9.1	0.036	2.39
16.3	8.67	12.85	735.9	24.4	8.9	0.033	2.28
16.2	8.59	11.88	737.6	27.8	9.1	0.041	2.25
17.2	8.9	15.19	733.9	17.2	8.6	0.026	2.29
17	8.9	15.51	728.8	17.8	8.2	0.03	2.09
16.6	8.81	14.57	729.5	21.4	8.4	0.026	2.14
16.3	8.78	14.34	732.4	23.6	8	0.029	2.1
15.9	8.74	13.54	735.1	22.6	7.9	0.026	2.15
15.6	8.7	13.18	737.8	24.6	8	0.036	1.97
16.5	8.82	14.38	735.1	19.8	8.2	0.154	1.98
16.1	8.89	14.17	695.8	22	9	0.169	1.8
16	8.78	12.56	695	21.8	7.6	0.204	1.76
15.6	8.68	11.42	696.5	27.8	7.5	0.14	2.01
15.1	8.63	10.86	699	22.4	7.3	0.119	2
14.9	8.6	10.87	707.4	19.4	7.3	0.153	1.89
16.3	8.72	13.41	811.4	20.8	6.3	0.165	1.42
16	8.79	14.08	806.9	23.8	4.8	0.11	1.13
15.8	8.69	12.95	808.2	21.1	7.3	0.17	1.63
15.4	8.58	11.62	808.9	22.7	7.9	0.193	1.89
15	8.53	10.96	811.8	26.5	7.9	0.166	1.65
14.5	8.49	10.69	822.4	24.9	7.3	0.142	1.54
15.6	8.83	14.24	808.7	36.6	6.2	0.083	1.18
16.1	9.01	16.69	801.1	38.5	9.2	0.146	1.05
15.6	8.81	14.14	806.9	23.3	9.2	0.194	1.86
15.2	8.63	12.01	808.9	25.3	9.5	0.242	1.63
14.8	8.59	11.29	809.5	25.8	9.1	0.176	1.84
14.4	8.56	11.17	822.4	21.4	7.6	0.211	1.42
15.4	8.85	14.43	810.3	40.8	6.7	0.117	1.17
15.4	8.75	13.28	810.9	22	9.9	0.233	2.25
15.2	8.75	13.17	806.4	18.6	7.5	0.241	1.75
15	8.69	12.11	806.2	20.2	7.7	0.129	1.62
14.8	8.66	11.78	808.3	21.3	7.3	0.148	1.6
14.4	8.64	11.85	820.4	20.9	7.3	0.181	1.52
15	8.69	12.59	811.3	19.9	6.5	0.092	1.03
15.4	8.89	14.77	804.9	21.5	9.1	0.223	1.85
15.1	8.82	14.13	805.4	20.7	8.4	0.169	1.74
14.8	8.75	13.19	809.4	24.3	8.7	0.193	1.54
14.4	8.7	12.49	816.3	26.6	8.4	0.018	1.77
14.1	8.66	12.04	819.4	23.2	8.4	0.077	1.78
15.5	8.8	13.4	818.9	19.5	8.6	0.101	1.67
15	8.83	13.91	810.8	19.6	7.8	0.109	1.56
15.2	8.88	14.22	810.2	21.9	8	0.09	1.66
14.6	8.65	11.86	817.7	23.9	8	0.119	1.63
14.2	8.64	11.48	819.1	30.1	7.5	0.131	1.59
13.9	8.59	11.13	821.4	25	7.4	0.11	1.6
14.8	8.9	14.52	814.8	33.8	7.4	0.208	2.21
14.5	8.59	11.17	816.6	22.6	3.9	0.121	1.52
14.1	8.5	10	822	22.6	3.5	0.095	1.53
13.7	8.51	10.08	823.9	20.5	3.2	0.065	1.45
13.3	8.46	9.79	826.4	21.2	3.2	0.064	1.5
13.3	8.47	9.87	828.2	21.6	3.4	0.103	1.46
14.6	8.76	12.31	821.8	26.7	5.4	0.127	1.76
14.5	8.78	12.73	814.3	24.1	4.5	0.117	1.57
14.5	8.71	12	818.6	21	3.8	0.08	1.59
14.2	8.6	10.9	820.5	22	3.8	0.093	1.54
13.9	8.61	10.77	821.7	22.4	3.6	0.077	1.49
13.7	8.59	10.66	822.4	21.8	3.5	0.104	1.49
14.9	8.84	13.13	821.8	17.5	3.6	0.064	1.49
14.9	8.92	14.55	889	23.3	4.5	0.098	1.68
14.6	8.85	13.43	889.6	23	5.1	0.101	1.75
14.1	8.75	12.32	892.5	23.2	4.5	0.096	1.73
13.6	8.58	10.41	898.9	25.4	4.1	0.072	1.64
13.2	8.57	10.3	900.3	23.4	3.9	0.07	1.6
14	8.77	12.5	897.9	24	4.6	0.077	1.6
14.3	8.87	13.81	892.9	26.6	5.7	0.094	1.65
13.7	8.76	12.28	894.8	27	4.5	-0.091	1.56
13.2	8.72	11.74	897.6	29.9	4.4	0.055	1.48
12.8	8.67	11.07	900.9	27.6	4.1	0.065	1.5
12.4	8.66	10.9	901.8	28.9	4	0.073	1.47
13.5	8.84	13.31	902.3	27.3	4.1	0.053	1.43
13.2	8.72	12.05	898.7	32.4	4.3	0.089	1.43
13.1	8.78	12.62	900.2	28.8	4.3	0.073	1.5
12.8	8.69	11.66	906	41.7	4.1	0.07	1.48
12.6	8.63	10.94	908.8	37.8	4.2	0.077	1.5
12.4	8.6	10.7	910.6	35.1	4	0.066	1.45
13.3	8.71	11.74	908.8	34.8	4.5	0.097	1.45
13.8	8.81	12.95	904.2	41.3	4.8	0.105	1.48
13.2	8.73	12.03	905.5	38	4.6	0.083	1.44
12.7	8.67	11.31	909.8	44.6	4.5	0.074	1.45
12.3	8.62	10.77	911.8	45.9	4.2	0.091	1.46
11.9	8.62	10.77	913.7	53.6	4.4	0.08	1.48
13.1	8.72	11.83	912.5	48.2	4.4	0.075	1.44
13.8	8.81	12.93	903.9	44	5	0.102	1.43
13.2	8.78	12.63	905.6	45.3	4.9	0.101	1.5
12.7	8.68	11.41	909.4	46.3	4.5	0.078	1.46
12.3	8.62	10.76	913.3	49.5	4.1	0.073	1.44
11.9	8.62	10.85	915.5	50.4	4.2	0.091	1.46
13.5	8.72	11.93	914.3	46.1	4.5	0.076	1.32
14.2	8.82	12.9	903.1	53.8	4.4	0.092	1.4
13.3	8.75	12.09	905.6	53.5	4	0.065	1.37
12.6	8.7	11.6	910.7	50.7	3.8	0.058	1.32
12	8.62	10.7	914.5	54.7	3.8	0.071	1.34
11.7	8.64	10.87	915.8	50	3.7	0.069	1.33
13.5	8.67	11.21	909.8	51.8	3.9	0.08	1.18
12.4	8.75	12.01	901.3	58.5	4	0.093	1.22
12.2	8.68	11.31	909.6	52.8	3.6	0.049	1.35
11.8	8.6	10.45	915	58.6	3.5	0.068	1.28
11.4	8.59	10.26	916.2	58.2	3.6	0.046	1.3
11.1	8.57	10.22	919	60.5	3.5	0.044	1.3
12.3	8.7	12.19	910.1	63.7	4.2	0.092	1.31
12.2	8.78	12.98	904.6	58.6	4.1	0.106	1.3
12	8.7	12.05	910.6	67.3	3.6	0.08	1.28
11.8	8.7	11.84	910.2	62.1	3.4	0.034	1.3
11.5	8.65	11.25	914	63.4	3.5	0.052	1.22
11.3	8.64	11.13	914.4	73.6	3.7	0.04	1.02
11.6	8.74	12.68	914.5	74.6	4.2	0.079	1.25
13.6	8.84	13.62	905.4	61	4.5	0.065	1.38
13.1	8.8	13.35	903	70.5	4.7	0.091	1.28
12.4	8.78	12.93	905	63	4.2	0.068	1.42
11.9	8.8	12.75	903.8	63.4	4.2	0.059	1.34
11.5	8.81	12.69	904.4	67.7	4.3	0.06	1.29
12.4	8.91	13.99	901.2	79.7	4.1	0.025	1.25
13	8.97	14.7	898.1	74.8	4.8	0.057	1.28
12.6	8.93	13.99	886.2	87.3	4.5	0.052	1.22
12.1	8.88	13.49	895.3	76.6	4.2	0.044	1.18
11.9	8.8	12.44	900.2	76.3	4.1	0.05	1.24
11.8	8.8	12.13	901.7	83.7	4	0.065	1.32
11.8	8.73	11.71	904.6	90.8	3.8	0.056	1.33
11.6	8.75	11.93	903.2	82.4	3.8	0	1.34
11.6	8.73	11.82	904	91.2	3.7	0.04	1.26
11.4	8.67	11.23	908.6	85.6	3.8	0.04	2.16
11.3	8.65	11.03	910.7	89.5	3.7	0.036	1.42
11.9	8.78	12.1	901.9	74.2	5.1	0.062	1.65
11.6	8.67	11.36	914.2	77.3	4.1	0.048	1.38
11.5	8.75	12.2	912.6	66.1	4.2	0.06	1.44
11.2	8.66	11.08	913.7	68	3.7	0.036	1.35
10.8	8.71	11.38	909.2	69.8	3.7	0.024	1.38
10.6	8.65	10.67	910.8	73.2	3.6	0.077	1.35
11.2	8.75	11.92	910.1	64.7	3.7	0.02	1.3
11.3	8.82	12.62	905.1	73.6	3.8	0.016	2.18
11	8.72	11.68	841.2	74.2	3.3	0.053	1.34
10.7	8.72	11.5	842.8	81.8	3.4	0.011	1.26
10.4	8.66	10.92	846.3	77.8	3.5	0.001	1.22
10.2	8.64	11.03	849.4	59.7	3.4	0.016	1.34
10.8	8.75	12.23	850	73.6	3.7	0.053	1.36
10.7	8.7	11.5	848.4	70.2	3.5	0.026	1.24
10.6	8.76	12.22	848.3	71	3.5	0	1.29
10.4	8.69	11.48	851.9	63	3.7	0.059	1.36
10.2	8.65	10.98	852.5	72.3	3.5	0.042	1.33
10.2	8.61	10.67	855.6	71.6	3.3	0.127	1.32
10.7	8.73	11.86	852.4	67.9	3.8	0.061	1.49
10.6	8.68	11.26	850.3	63.9	3.6	0.091	1.24
10.4	8.7	11.58	852.7	68.6	3.5	0.065	1.36
10.3	8.63	10.87	855.8	61	3.4	0.068	1.36
10	8.61	10.84	857.8	55.8	3.4	0.059	1.34
11.9	8.73	12.44	834.8	9.1	4.4	0.11	1.38
11	8.72	12.31	851.4	10.2	3.9	0.098	1.32
10.6	8.67	11.56	855.4	11.6	3.8	0.076	1.29
10.2	8.63	11.14	857.6	14	3.6	0.065	1.36
9.9	8.63	11.1	859.8	12.4	3.5	0.114	1.23
11.2	8.71	12.17	857.9	10.4	3.7	0.08	1.27
10.4	8.74	12.3	849.3	14.2	3.7	0.092	1.23
10.6	8.83	13.53	853	17	3.8	0.062	1.28
10.6	8.79	13.1	854	22.2	3.6	0.063	1.22
10.5	8.7	12	855.4	17.9	3.5	0.081	1.26
10.3	8.7	12	855.7	18	3.7	0.059	1.29
11	8.85	13.76	851	18.3	4.4	0.087	1.32
10.9	8.95	14.9	841.2	18.1	4.7	0.099	1.21
10.6	8.92	14.72	843.4	20.5	4.1	0.086	1.18
10.2	8.87	13.71	844.3	18.8	4	0.074	1.2
9.9	8.89	13.81	841.9	19.4	3.9	0.057	1.2
9.8	8.88	13.72	844.1	26.6	3.7	0.089	1.2
10.9	8.91	14.12	841.4	20.4	3.4	0.056	1.04
10.3	8.96	15.32	834.2	24.7	4.2	0.093	1.07
10.2	8.94	14.39	832.6	31.1	4.4	0.076	0.96
10.2	8.85	13.49	828	25.7	4.4	0.104	1.06
9.9	8.82	13.08	830.4	28.7	4.3	0.109	1.08
10.7	8.91	13.75	833.7	10.2	4.8	0.105	1.58
10.2	8.91	14.36	844.8	12.6	4.7	0.082	1.23
10	8.86	13.76	848	13.8	4.3	0.072	1.2
9.8	8.83	13.36	851.1	14.9	4.4	0.105	1.16
10	8.89	14.19	850.2	14.9	4.5	0.069	1.24
10	8.83	13.35	852.1	15.5	4	0.055	1.12
9.9	8.78	12.7	854.3	16.9	3.8	0.041	1.16
9.8	8.84	13.49	851.6	16.4	4.1	0.046	1.2
9.8	8.83	13	847.9	16.7	4.1	0.022	1.16
9.7	8.8	12.65	849.3	17.8	4	0.045	1.26
9.8	8.85	13.26	850.3	19.6	4.3	0.055	1.2
9.8	8.83	13.09	853.2	18.4	4.2	0.045	1.16
9.6	8.82	13.01	852.6	27.2	4.3	0.046	1.18
9.4	8.75	12.29	857	23.7	4	0.036	1.18
9.1	8.7	11.72	860.4	27.2	4	0.018	1.21
8.8	8.68	11.52	863.1	30	3.7	0.094	1.18
9.6	8.79	12.72	860.3	24.9	4.2	0.045	1.23
9.9	8.83	13.26	852.5	25.6	4.4	0.09	1.14
9.4	8.82	13.07	856.3	27.3	4	0.046	1.2
9	8.73	12.05	862	32.1	3.9	0.022	1.19
8.7	8.67	11.32	864.4	31.1	3.7	0	1.2
8.6	8.65	11.15	867	33.8	3.5	0.008	1.18
9.2	8.76	12.32	863.3	32.6	4.2	0.008	1.22
9.1	8.68	11.33	858.3	34.1	4.1	0.074	1.12
8.7	8.66	11.19	862.9	34.1	3.7	0.08	1.17
8.5	8.63	11.18	865.8	32.9	3.6	0.066	1.3
8.2	8.68	11.77	865.8	34.7	3.7	0.062	1.25
8	8.69	11.63	867.6	41	3.7	0.061	1.12
8.8	8.75	12.35	865.6	38.4	3.9	0.074	1.23
9.4	8.8	12.93	856.7	36.2	4.2	0.062	1.09
8.8	8.77	12.46	859.6	42	4	0.072	1.13
8.4	8.73	12.01	864.2	47.6	3.7	0.062	1.2
8	8.7	11.63	867.6	47.6	3.7	0.063	1.26
7.6	8.67	11.59	870.2	43.5	3.6	0.056	1.27
8.4	8.73	11.96	868.8	44.6	3.9	0.051	1.18
8.4	8.74	12.46	861.6	12.5	3.9	0.051	1.06
8.2	8.74	12.23	866.4	10.9	3.6	0.084	1.25
7.9	8.77	12.51	868.2	10.6	3.7	0.055	1.24
7.6	8.76	12.51	870	10.3	3.5	0.053	1.25
7.4	8.74	12.2	873	10.8	3.5	0.05	1.13
8.4	8.76	12.65	872.2	9.9	3.5	0.064	1.29
8.6	8.8	13.05	867.6	9.9	3.6	0.05	1.18
8.4	8.75	12.43	869.4	10.5	3.5	0.05	1.24
8.1	8.74	12.35	870.6	10.8	3.4	0.05	1.2
8	8.72	12.04	872.8	10.8	3.4	0.05	1.19
7.7	8.69	11.73	874.2	10.8	3.4	0.05	1.25
8.6	8.74	12.41	872.6	8.8	3.7	0.05	1.22
8.8	8.77	12.72	865.7	9	3.9	0.05	1.08
8.2	8.75	12.45	868	9	3.6	0.056	1.2
7.8	8.73	12.05	872	9.4	3.4	0.05	1.2
7.3	8.7	11.93	875.4	9.6	3.4	0.05	1.23
7	8.67	11.43	878.1	10.1	3.2	0.05	1.05
7.8	8.7	11.81	877.1	9	3.5	0.051	1.23
8.4	8.74	12.32	868.4	8.6	3.7	0.05	1.09
8	8.73	12.13	871	8.3	3.3	0.05	1.17
7.6	8.7	11.77	875	9.4	3.3	0.05	1.2
7.2	8.68	11.65	878.9	9.2	3.2	0.05	1.23
6.9	8.66	11.26	881.1	9.3	3.1	0.05	1.22
7.2	8.68	11.62	880.3	8.5	3.4	0.05	1.22
7.4	8.71	11.81	874.7	8.2	3.4	0.05	0.75
7.2	8.67	11.59	878.4	8.4	3.2	0.038	0.75
6.9	8.66	11.41	881.6	8.5	3.2	0.036	0.75
6.7	8.63	11.23	884.6	11	3.3	0.04	0.73
6.3	8.62	11.22	884.6	9.7	3.1	0.054	0.71
7.4	8.65	11.28	883.3	7.9	3.2	0.034	0.74
7.4	8.7	11.75	874.4	8	3.4	0.049	0.73
7	8.68	11.41	877.4	7.9	3.4	0.041	0.74
6.6	8.62	10.74	881.6	8.2	3.2	0.037	0.74
6.3	8.6	10.73	884	9.1	3.2	0.039	0.74
6	8.6	10.57	886.5	8.8	3.3	0.034	0.75
6.9	8.63	10.97	884.4	7.9	3.2	0.034	0.74
7	8.67	11.45	878	7.7	3.4	0.033	0.72
6.6	8.65	11.29	880.2	7.6	3.2	0.033	0.75
6.3	8.61	10.8	883.5	7.1	3	0.033	0.75
6.2	8.59	10.6	885.2	7.4	3.1	0.031	0.76
5.9	8.58	10.83	885.6	7.3	3	0.049	0.73
6.2	8.61	10.78	886.3	6.9	3.3	0.066	0.68
6.4	8.62	10.98	743.5	6.3	3	0.029	0.73
6.3	8.61	10.8	742.5	6.7	2.9	0.028	0.74
6.2	8.59	10.66	744.3	6.8	2.9	0.029	0.74
6	8.58	10.44	744.3	6.8	3	0.026	0.76
5.9	8.55	10.28	746.2	6.3	2.9	0.024	0.75
6.3	8.58	10.83	745.5	6.8	3.1	0.026	0.75
6.7	8.6	10.95	738.2	6.4	3.2	0.04	0.74
6.4	8.58	10.76	741.9	6.9	3	0.031	0.73
6.2	8.56	10.38	746.6	7.1	2.9	0.028	0.74
5.8	8.54	10.49	747.4	6.4	2.9	0.024	0.76
5.3	8.53	10.13	748.4	6.2	2.9	0.039	0.72
5.9	8.54	10.49	749.2	6.3	2.9	0.021	0.76
6.3	8.56	10.63	745.8	6	2.9	0.025	0.73
6	8.51	10.16	747.6	6.1	2.9	0.019	0.76
5.7	8.51	10.11	748.6	6.1	2.8	0.021	0.72
5.3	8.49	10.13	750.8	5.9	2.8	0.016	0.72
5	8.48	9.94	753.1	5.8	2.8	0.018	0.75
5.6	8.5	10.06	752	5.9	2.9	0.015	0.76
5.6	8.53	10.48	746.9	6.1	3	0.024	0.75
5.3	8.5	10.16	750.9	5.8	2.9	0.02	0.75
5	8.49	10.05	752.4	5.9	2.9	0.018	0.74
4.9	8.45	9.84	754.6	5.7	2.9	0.015	0.75
4.8	8.42	9.64	756.3	5.8	2.7	0.033	0.75
5.3	8.45	9.78	756.4	5.4	2.8	0.014	0.73
5.9	8.47	9.97	749.2	4.9	2.9	0.017	0.74
5.6	8.45	9.77	750.4	4.7	2.8	0.014	0.75
5.2	8.41	9.45	752.9	4.7	2.8	0.013	0.74
4.9	8.4	9.53	754.7	4.9	2.8	0.009	0.75
4.7	8.38	9.36	757.2	5	2.7	0.006	0.74
5.3	8.41	9.55	757.4	4.8	2.8	0.013	0.74
5.6	8.42	9.59	752.2	4.9	2.8	0.014	0.74
5.4	8.38	9.26	753	5	2.8	0.012	0.73
5.4	8.35	9.05	755	4.9	2.8	0.011	0.72
5.4	8.36	9.09	755	4.8	2.7	0.012	0.76
5.4	8.36	9.1	754.3	4.8	2.7	0.032	0.74
5.6	8.41	9.36	754.8	4.9	2.7	0.012	0.79
5.7	8.42	9.51	754.2	4.9	2.7	0.012	0.78
5.8	8.38	9.43	753.2	4.6	2.7	0.01	0.79
5.7	8.3	8.77	754.9	4.7	2.7	0.011	0.78
5.6	8.32	8.88	755.5	5.1	2.7	0.014	0.8
5.3	8.34	9.26	756.4	5.3	2.7	0.018	0.8
5.6	8.34	9.45	756.8	5.8	2.7	0	0.8
5.8	8.36	9.65	751	5.7	2.8	0.024	0.78
5.5	8.33	9.46	754.4	6.2	2.8	0.014	0.8
5.2	8.32	9.45	756.5	5.9	2.8	0.016	0.78
4.9	8.3	9.35	758.8	5.2	2.7	0.011	0.78
4.6	8.28	9.25	760.2	5.2	2.7	0.027	0.75
5	8.3	9.38	760.8	5.4	2.7	0.011	0.79
5.3	8.31	9.53	754.6	5.7	2.8	0.022	0.75
5	8.29	9.5	758.2	6.2	2.7	0.012	0.76
4.8	8.26	9.07	760.7	5.5	2.6	0.011	0.76
4.6	8.24	8.97	765	5.2	2.6	0.011	0.76
4.3	8.24	9.33	768.4	5	2.6	0.009	0.77
4.4	8.28	9.35	768.1	5.5	2.6	0.006	0.76
4.7	8.27	9.21	767.1	4.9	2.6	0.007	0.75
4.6	8.24	9.01	766.6	5.4	2.6	0.006	0.75
4.6	8.22	8.82	767.8	5.4	2.6	0.005	0.74
4.6	8.19	8.59	768.5	5	2.5	0.004	0.75
4.1	8.19	8.87	771.7	4.9	2.6	0.018	0.75
4.1	8.22	9.14	844	5.5	2.5	0.088	0.71
4.1	8.25	9.46	844.9	6.1	2.5	0.071	0.78
3.8	8.24	9.75	852	5.8	2.4	0.061	0.8
3.4	8.24	9.96	862.5	5.4	2.3	0.06	0.76
3.4	8.22	9.55	871.8	5.2	2.3	0.057	0.77
3.5	8.21	9.38	874.4	5.3	2.3	0.061	0.77
4	8.22	9.61	875.8	5.2	2.3	0.057	0.76
4.3	8.24	9.55	871.7	4.9	2.4	0.055	0.78
4.1	8.21	9.3	876.1	4.8	2.3	0.057	0.75
4	8.21	9.33	879.7	5.2	2.3	0.057	0.77
3.8	8.2	9.25	885.1	5.1	2.2	0.059	0.76
3.7	8.2	9.23	891.7	5.2	2.2	0.064	0.75
4	8.23	9.38	892.2	5	2.4	0.055	0.76
4.7	8.22	9.15	878.1	4.8	2.3	0.056	0.77
4.4	8.21	9.19	878.5	4.7	2.2	0.058	0.76
4.2	8.2	9.1	883.9	4.6	2.3	0.057	0.75
4	8.2	9.07	887.3	5.2	2.2	0.056	0.74
3.9	8.18	9.04	891.6	5.3	2.1	0.052	0.76
4.1	8.21	9.2	891	4.9	2.3	0.049	0.77
4.6	8.21	9.11	883.7	4.8	2.4	0.054	0.77
4.4	8.19	9.32	883.6	4.9	2.2	0.058	0.75
4.3	8.18	9.02	885.2	4.7	2.2	0.055	0.77
4.1	8.17	8.9	889.4	4.7	2.2	0.055	0.76
4.1	8.15	8.87	892.7	4.7	2.3	0.065	0.78
4.3	8.19	8.85	892.5	5.4	2.2	0.055	0.77
4.6	8.18	8.89	885.9	4.8	2.3	0.056	0.78
4.1	8.15	8.5	881.1	5.5	2.3	0.06	0.77
4	8.08	8.11	887.6	6.3	2.2	0.063	0.78
3.8	8.01	7.63	897.3	6	2.2	0.068	0.79
3.2	7.98	7.75	910.6	5.4	2.2	0.066	0.76
3.4	7.98	7.73	918.6	5.2	2.3	0.057	0.79
3.4	8	7.83	912.6	5.5	2.5	0.061	0.82
3.4	7.97	7.93	923.8	5.3	2.4	0.06	0.8
3.2	7.96	7.73	934.1	4.9	2.3	0.06	0.79
3.1	7.95	7.65	940.4	4.6	2.2	0.057	0.8
3.1	7.95	7.6	945.5	5.2	2.3	0.068	0.82
3.4	7.96	7.69	950	4.8	2.3	0.054	0.81
3.4	7.97	7.92	949.8	5.7	2.3	0.06	0.85
3.8	7.93	8.19	776.5	5.9	2.6	0.069	0.87
3.7	7.92	8.34	777	8.5	2.6	0.069	0.86
3.5	7.92	8.88	781.9	10	2.6	0.082	0.83
3.4	7.92	8.8	788	13.6	2.7	0.089	0.8
3.7	7.94	8.57	785.9	16.1	2.8	0.101	0.74
3.4	7.96	8.71	781.2	21.6	2.9	0.113	0.7
3.5	7.97	9.83	789.8	24.1	2.9	0.134	0.72
3.4	8.02	9.47	802.1	25.4	2.7	0.14	0.82
3.2	8.03	9.7	807.2	24	2.7	0.145	0.88
3.1	8.05	9.75	818.6	24	2.7	0.141	0.99
3.2	8.08	10.02	815.1	23	2.9	0.147	0.98
3.2	8.09	9.99	812.1	22.3	2.9	0.144	1.1
3.5	8.07	10.14	821.7	21.6	2.8	0.152	1.18
3.5	8.09	10.35	833	20	2.8	0.15	1.18
3.4	8.09	10.54	842.5	18.5	2.9	0.15	3.35
3.4	8.09	10.7	857.7	17.9	2.8	0.169	3.71
3.5	8.12	11.01	862.2	16.7	3.1	0.176	3.88
3.5	8.15	11.11	865.6	16.2	2.8	0.187	4.12
3.2	8.1	11.05	880.7	15	2.7	0.181	4.51
3.2	8.06	10.94	894.6	14.5	2.7	0.176	5.07
3.1	8.04	10.75	904.7	14.4	2.7	0.187	5.49
3.1	8.02	10.77	909.1	13.4	2.6	0.198	5.41
3.5	8.09	11.18	904	13.3	2.6	0.223	5.54
3.6	8.06	11.02	901.7	13.2	3.1	0.192	5.91
3.8	8.06	11	880.9	12.6	3.1	0.248	5.57
3.8	8.04	10.72	887.1	12.3	3.1	0.241	5.76
3.7	7.98	10.8	898.4	12	3	0.242	5.76
3.5	7.91	10.03	910.4	11.3	3.1	0.272	7.76
3.8	7.9	9.87	921.7	11.4	3.2	0.291	8.25
3.9	7.93	9.97	897.8	11	3.2	0.311	7.94
3.8	7.9	9.93	920.5	11.1	3.2	0.31	8.26
3.7	7.88	9.57	925.5	10.7	3.1	0.325	8.2
3.8	7.86	9.48	923.1	10.7	2.9	0.325	8.04
3.8	7.86	9.5	926.3	10.2	2.9	0.317	7.82
4.1	7.89	9.72	930	10.6	3	0.32	8.08
4.4	7.83	9.52	927.1	10.1	3.2	0.309	7.46
4.4	7.82	9.39	926.2	10	3	0.336	8.22
4.3	7.81	9.25	931.6	9.9	2.8	0.317	8.42
4	7.83	9.22	927.3	9.8	2.9	0.315	8.43
4	7.82	9.18	931.3	8.8	3	0.305	8.09
4.4	7.83	9.49	930.5	9.1	3	0.298	8.13
4.7	7.84	9.58	930	9.4	3.1	0.292	8.31
4.4	7.86	9.98	931.1	8.8	2.9	0.303	8
4.6	7.85	9.94	929.6	9	2.9	0.286	8.21
4.4	7.85	10.67	928.5	9.4	3	0.286	8.06
4.4	7.8	9.06	931.9	8.3	2.9	0.283	8.32
4.8	7.82	9.09	930.7	8.4	3	0.295	8.34
4.8	7.79	8.96	933.6	8.4	2.9	0.298	8.69
4.7	7.79	9.15	936.7	8.3	2.9	0.302	8.56
4.7	7.77	8.86	934.4	7.9	2.9	0.298	8.67
4.7	7.76	8.64	932	7.7	3	0.299	8.52
4.7	7.76	8.44	935.3	7.9	2.9	0.302	8.68
5.1	7.76	8.49	934.7	7.3	2.8	0.294	8.21
5.2	7.76	8.59	936	7	2.7	0.294	8.33
4.9	7.83	9.13	935.8	7.6	2.8	0.291	8.04
4.9	7.78	8.76	931.8	7.5	2.8	0.285	8.27
4.9	7.79	8.87	929.2	7.6	2.9	0.285	8.31
4.9	7.78	8.45	933.3	7.5	2.8	0.277	8.02
5	7.78	8.69	932.2	7.3	2.7	0.277	8.17
5.3	7.75	8.24	933.1	6.8	2.7	0.271	7.94
5.2	7.74	8.1	933.9	6.6	2.7	0.276	8.37
5	7.77	8.6	932.5	6.4	2.8	0.27	7.98
4.9	7.72	7.81	933.7	6.4	2.8	0.268	8.42
4.7	7.7	7.54	939.3	6.3	2.8	0.282	8.06
5.2	7.72	7.75	945.2	6.3	2.8	0.277	8.31
5	7.76	8.4	940.6	6.7	2.8	0.27	8.33
5	7.82	8.83	940.1	8	3.1	0.295	8.5
4.9	7.81	8.97	944.9	6.8	2.8	0.283	8.27
4.9	7.77	8.56	944.4	7.5	2.8	0.277	8.47
4.9	7.75	8.14	949.7	7	2.8	0.279	8.28
5	7.77	8.61	948	7	2.8	0.282	8.11
5.1	7.79	9.21	950.9	7.3	2.8	0.282	8.33
5.2	7.84	9.41	947.5	7.2	2.9	0.278	8.24
5.1	7.77	8.95	953.8	7.4	2.8	0.265	8.22
4.9	7.79	10.3	952.4	7.6	2.9	0.275	8.14
4.6	7.74	7.96	960.3	6.9	2.8	0.27	8.82
4.9	7.78	8.83	961	7	2.8	0.288	8.59
5.3	7.74	8.24	957	6.9	2.7	0.282	8.57
5.2	7.71	7.77	954.2	7.3	2.8	0.292	8.69
5.1	7.69	7.58	954.3	7	2.8	0.299	8.82
5	7.68	7.65	955	6.5	2.8	0.3	8.97
4.7	7.68	7.25	961.9	6.3	2.8	0.298	8.79
5	7.7	7.73	960.2	6.9	2.9	0.3	8.97
5.3	7.7	7.74	958.5	6.4	2.8	0.3	8.86
5.2	7.69	7.23	957.8	6.4	2.8	0.302	8.82
5	7.68	7.29	960.5	7	2.8	0.307	8.95
4.8	7.68	7.2	963.5	6.9	2.9	0.303	8.76
4.6	7.68	7.26	971.7	7.1	3	0.305	9.24
5.1	7.52	9.24	1153.1	6.9	2.8	0.303	8.8
5.3	7.54	6.44	1154	5.7	2.7	0.31	8.76
5	7.54	6.4	1154	5.8	2.7	0.301	8.99
4.7	7.53	6.21	1164.8	6.1	2.7	0.297	8.87
4.6	7.53	6.01	1169.9	6.1	2.7	0.295	9.08
4.4	7.52	5.79	1178.5	6	2.7	0.295	9.15
4.8	7.53	6.24	1171.9	5.9	2.7	0.294	8.92
5.3	7.51	5.88	1156.3	6.1	2.8	0.297	8.79
5	7.51	8.18	1160	6	2.8	0.304	9.21
4.9	7.51	5.82	1164.8	5.8	2.7	0.305	8.95
4.6	7.51	5.84	1169.6	6.2	2.8	0.299	8.93
4.4	7.51	5.8	1175.6	6.3	2.7	0.302	9.1
4.8	7.52	6.27	1168.4	6.4	2.8	0.307	8.99
5.2	7.52	6.15	1152.2	6.3	3.1	0.307	9.2
5.3	7.51	5.88	1153.7	5.6	2.8	0.312	8.98
5	7.52	6.2	1159.8	5.8	2.7	0.303	9.01
4.7	7.52	5.83	1170.6	5.6	2.7	0.296	9.06
4.6	7.52	5.68	1178	5.7	2.7	0.295	9.05
5	7.53	6.15	1170	5.9	2.9	0.296	8.66
5.2	7.53	6.17	1158.9	5.4	3	0.302	9.08
5.2	7.5	5.66	1157.8	5.8	2.8	0.302	9.12
5	7.5	6.01	1160.7	5.9	2.8	0.293	9.14
4.8	7.5	    5.5	    1170.7	5.9	2.8	0.287	8.98
4.7	7.5	    5.38	1175.8	5.3	2.7	0.287	8.9
4.9	7.52	5.71	1164.3	5.7	2.9	0.28	8.93
5	7.54	6.27	1154.1	6.4	3	0.292	9.2
4.7	7.56	6.83	1159.7	6.8	3.1	0.303	9.3
4.6	7.54	6.29	1174.4	6.1	3	0.308	9.23
4.4	7.52	6.25	1188.2	6.5	2.8	0.303	9.64
4	7.5	    5.33	1208.1	6.3	2.8	0.311	10.24
3.9	7.49	5.1	    1227.6	6.9	2.6	0.329	10.42
3.8	7.5	    4.98	1230.6	6.2	2.7	0.336	10.58
3.5	7.48	4.64	1233.2	6	2.8	0.349	10.81
3.3	7.48	5.4	    1237.4	7	2.9	0.356	11.14
3	7.51	4.99	1242	7.6	3.1	0.37	11.41
2.6	7.55	6.16	1246	12.6	2.9	0.376	11.34
2.7	7.6	    6.85	1240.5	17.8	3	0.377	11.2
2.4	7.64	7.71	1044.7	20.8	2.9	0.371	11.37
2.4	7.65	7.57	1022.6	20.6	3	0.373	11.29
2.3	7.67	8.31	1017.6	19.5	2.9	0.369	11.72
2.3	7.68	8.67	1021.2	17.6	2.9	0.366	11.46
2.3	7.69	8.28	1024.9	17.8	2.8	0.363	11.53
2.4	7.71	8.99	1010.8	17.9	2.9	0.365	11.46
2.4	7.71	8.48	1010.4	18.9	2.9	0.366	11.48
2.4	7.71	8.58	1004.8	18.6	3	0.372	11.34
2.4	7.7	9.84	1004.3	19.9	3	0.38	11.55
2.3	7.69	8.81	1005.6	19.7	3	0.388	11.47
2.3	7.69	9.71	1005	19.7	3	0.39	11.68
2.6	7.71	8.71	1013.6	20.2	2.9	0.388	11.6
2.8	7.7	9.56	1004.2	21.4	2.9	0.388	11.59
2.6	7.69	8.69	1002.1	20.4	2.9	0.391	11.65
2.6	7.68	8.99	1000.9	21.6	3	0.393	11.86
2.6	7.69	8.86	1006.5	21	3	0.394	11.72
2.6	7.69	8.79	1005.2	20.2	2.9	0.392	11.62
2.9	7.69	8.89	1008.6	19.8	2.9	0.395	11.58
3	7.69	8.7	1004.6	21.3	2.9	0.4	11.84
2.9	7.68	8.65	1002.9	20.4	2.9	0.393	11.7
2.9	7.67	9.41	1002.9	20.3	3	0.397	11.43
2.9	7.67	8.78	1003	20.6	2.9	0.395	11.68
2.9	7.67	8.48	1006.8	19.3	2.8	0.397	11.6
3.1	7.68	9.03	1010.6	20	3.1	0.397	11.94
3.2	7.68	8.92	1008.8	19.3	2.9	0.39	11.77
3.1	7.67	8.53	1004.7	19.3	3	0.392	11.87
3.1	7.66	8.6	1005.8	19.4	2.9	0.395	11.74
3.1	7.66	8.55	1013.3	19.4	2.9	0.395	11.61
3.1	7.65	8.37	1010.8	19.8	2.9	0.391	11.66
3.4	7.66	8.85	1016.2	18.5	3	0.386	11.69
3.5	7.66	8.41	1008.9	19.1	2.8	0.388	11.58
3.4	7.64	8.68	1009.9	17.5	2.9	0.391	11.53
3.4	7.63	8.51	1008.4	17.6	2.9	0.384	11.78
3.4	7.63	8.28	1015.9	16.1	3	0.386	11.76
3.4	7.62	8.56	1010.1	20.4	2.9	0.384	12
3.7	7.63	9.37	1011.2	15.2	2.9	0.383	11.79
3.7	7.63	8.28	1009.4	15.2	2.9	0.389	11.84
3.7	7.62	8.24	1015.6	16.1	3	0.379	11.75
3.7	7.61	7.81	1017.1	15.9	2.9	0.378	11.95
3.5	7.61	7.72	1018.2	15.7	2.8	0.376	11.96
3.5	7.61	8.06	1021.2	15.1	2.8	0.372	11.67
3.8	7.62	7.86	1025.8	14.3	2.9	0.368	12.05
3.8	7.62	8.54	1021.3	14.8	2.9	0.367	11.84
3.8	7.61	7.99	1018.7	15.6	2.9	0.363	11.8
3.8	7.6	7.66	1022.3	15	2.9	0.368	11.87
3.8	7.6	7.68	1025.6	13	2.9	0.371	11.82
3.8	7.6	7.92	1022.9	13.9	2.9	0.366	11.95
4	7.62	7.8	1020.6	13	3	0.362	12.11
4.1	7.62	7.68	1020.5	12.1	3	0.359	11.86
4	7.6	8	1021.5	12.7	2.9	0.359	12.08
4	7.6	7.7	1021.8	13.2	3	0.357	11.81
4	7.59	7.53	1020.2	10.9	3	0.358	11.94
4.1	7.59	7.5	1017.2	11.7	3	0.351	11.93
4.3	7.61	8.65	1024	10.8	2.9	0.349	11.26
4.4	7.63	7.72	1016.8	6.6	2.7	0.354	11.66
4.1	7.62	7.62	1030.3	6.6	2.7	0.358	12
4.1	7.62	7.44	1037.4	5.8	2.5	0.346	11.43
4	7.62	7.42	1055.1	5.5	2.5	0.338	12.29
3.9	7.61	7.5	1057.2	5.8	2.5	0.326	12.3
4	7.63	7.61	1061.1	5.6	2.5	0.308	12.76
4.1	7.65	7.9	1057.5	5.5	2.5	0.304	12.41
4	7.63	7.62	1060.4	5.6	2.5	0.311	12.53
4	7.62	7.64	1056.1	5.7	2.7	0.31	12.12
4.1	7.62	7.49	1048.1	5.4	2.7	0.32	11.88
4.1	7.61	7.27	1050.6	5.1	2.7	0.321	11.58
4.3	7.63	7.65	1059.9	5	2.7	0.323	12.18
4.6	7.67	8.1	1054.3	5.4	2.7	0.298	11.68
4.3	7.65	7.94	1059.1	5.2	2.6	0.31	12.37
4.4	7.63	7.51	1052.1	5.2	2.9	0.305	11.42
4.4	7.62	7.29	1042.7	4.9	2.9	0.312	11.43
4.4	7.61	7.15	1049.9	5	2.7	0.315	11.88
4.4	7.64	7.53	1061.1	5	2.6	0.312	11.55
4.7	7.65	8.02	1043.4	5.2	2.9	0.305	12.14
4.6	7.64	8.28	1045.3	5.5	2.8	0.313	12.16
4.5	7.62	7.56	1049.4	5	2.8	0.306	12.18
4.4	7.6	7.26	1053.6	4.8	2.7	0.301	12
4.4	7.59	7.15	1053.2	4.7	2.7	0.299	11.92
4.8	7.63	7.68	1052.3	4.8	2.7	0.291	11.97
4.9	7.68	8.41	1052.4	5.1	2.7	0.288	11.99
4.8	7.65	7.97	1053.7	5.3	2.8	0.292	11.84
4.7	7.61	7.46	1053.3	4.7	2.7	0.293	11.83
4.6	7.61	10.45	1054.9	5	2.7	0.292	11.96
4.5	7.6	7.56	1058	4.4	2.7	0.291	11.76
4.9	7.63	7.56	1059.4	4.9	2.6	0.286	11.73
4.9	7.69	8.28	1063.9	5.1	2.7	0.283	11.59
4.7	7.66	7.85	1066.2	4.9	2.7	0.29	11.5
4.7	7.61	7.34	1050.7	4.6	2.9	0.281	11.68
4.7	7.6	7.29	1047.6	4.9	2.9	0.289	11.93
4.7	7.6	7.15	1058.7	4.8	2.8	0.291	11.68
4.9	7.65	7.65	1069.8	4.6	2.6	0.296	11.45
5	7.71	8.32	1063.6	4.9	2.7	0.285	11.77
4.8	7.68	8.1	1075.2	5	2.5	0.283	12.13
4.7	7.64	7.33	1071.7	4.7	2.6	0.276	11.53
4.8	7.61	7.35	1066	4.5	2.8	0.279	11.66
4.7	7.6	7.18	1065.5	4.1	2.6	0.278	12.05
5	7.64	7.39	1065.5	4.2	2.7	0.277	11.55
5	7.71	8.26	1075	5	2.6	0.277	12.08
4.7	7.7	8.28	1082.8	5	2.5	0.271	12.46
4.9	7.65	8.76	1063.7	4.2	2.8	0.257	11.17
5	7.62	7.25	1054.9	4.5	2.8	0.281	11.64
5	7.61	7.16	1057	4	2.9	0.281	11.9
5.1	7.65	7.82	1053.2	4.7	2.9	0.281	11.57
5.2	7.73	8.66	1048.6	5	2.9	0.284	11.48
5	7.71	8.28	1048	4.8	3	0.289	11.71
4.9	7.65	7.71	1049.5	4.2	2.9	0.287	11.81
4.9	7.63	10.58	1052.8	4.4	2.9	0.288	11.49
4.8	7.62	7.27	1054.7	5.2	2.9	0.286	11.7
5.2	7.68	7.97	1056.2	4.7	2.9	0.286	11
5.3	7.77	8.86	1053.9	5	2.9	0.288	11.58
5.2	7.74	8.66	1054.9	5.2	2.7	0.293	11.59
5	7.69	8	1058.4	4.9	2.7	0.291	11.86
4.9	7.67	7.71	1062.5	4.5	2.7	0.279	11.7
4.9	7.65	7.62	1064.8	4.7	2.8	0.282	11.88
5.3	7.71	8.33	1060.7	4.5	2.9	0.278	11.33
5.4	7.81	9.16	1176.5	4.9	2.8	0.288	11.18
5.3	7.77	8.77	1191.5	5.3	2.5	0.298	11.86
5.2	7.72	8.08	1192.8	4.8	2.5	0.279	11.77
5.2	7.7	7.97	1194.2	5	2.5	0.278	11.53
5.1	7.69	7.71	1194.4	4.8	2.5	0.278	11.73
5.4	7.75	8.4	1197.3	5.2	2.5	0.279	11.52
5.6	7.87	9.46	1186	6.1	2.7	0.279	11.71
5.3	7.8	8.9	1194.2	5.4	2.7	0.294	11.67
5.2	7.74	8.3	1193.3	5.2	2.7	0.288	11.9
5.1	7.71	8.19	1199.3	4.7	2.6	0.286	11.96
5.1	7.71	7.95	1203.8	4.5	2.6	0.285	11.94
5.4	7.78	8.8	1195.4	4.8	2.6	0.285	11.48
5.6	7.89	9.92	1184.9	6	2.7	0.296	11.95
5.2	7.86	9.62	1192.9	5.2	2.7	0.302	11.93
5.2	7.78	8.96	1193.5	4.9	2.7	0.295	11.96
5.2	7.75	8.64	1194.4	5.2	2.6	0.294	11.91
5.2	7.74	8.48	1202.5	4.9	2.6	0.294	12.14
5.3	7.79	8.93	1199.3	5.4	2.7	0.296	12.01
5.6	7.9	9.92	1190.9	5.9	2.7	0.289	11.95
5.3	7.88	9.99	1195.2	5.3	2.8	0.303	12.17
5.2	7.84	9.61	1195.8	5.1	2.7	0.303	12.08
5.2	7.8	9.47	1195.6	5	2.7	0.3	11.91
5.1	7.78	9.1	1197.4	4.9	2.7	0.295	12.1
5.4	7.89	10.3	1192.7	4.8	2.7	0.294	12.13
5.6	8.04	11.26	1188.8	6.3	3.1	0.289	12.47
5.3	7.98	11.13	1196.1	6.2	2.9	0.313	12.31
5.2	7.88	10.39	1201.6	5.6	2.8	0.308	12.46
5.2	7.83	9.92	1200.9	5.4	2.8	0.299	12.25
5.2	7.81	9.63	1197.9	4.8	2.7	0.296	12.19
5.4	7.9	10.6	1199	5.4	2.7	0.294	11.76
5.6	8.06	11.63	1191.6	6.6	3	0.298	12.19
5.3	8.01	11.56	1195.3	6.7	3	0.311	12.38
5.2	7.92	10.82	1205.8	6.3	2.8	0.314	12.22
5.2	7.87	10.35	1201.4	6.2	2.8	0.309	12.26
5	7.9	10.35	1203.3	5.3	2.8	0.301	12.21
5.2	8	11.39	1201.7	6.8	2.9	0.301	12.31
5.3	8.2	12.66	1194.3	8.3	3.7	0.301	12.83
5	8.36	14.12	1193.4	8.1	3.3	0.323	13.65
4.4	8.41	15.1	1222.5	9.9	3.5	0.297	13.7
4.4	8.46	14.52	1225.4	10.3	3.4	0.281	14.09
4.7	8.56	15.7	1216.3	10.7	2.8	0.265	13.71
5	8.65	17.13	1194.6	12.5	3.1	0.193	13.17
5.2	8.64	16.22	1171	12.8	3.7	0.215	13
5	8.64	17.75	1165.9	12.9	4.2	0.245	13.21
4.9	8.64	16.4	1166	12.7	3.9	0.283	13.22
4.7	8.63	16.67	1167.3	11.5	3.5	0.249	13.21
4.9	8.67	18.03	1171.4	13.7	3.3	0.226	12.48
5.2	8.72	18.67	1158.8	15.5	3.5	0.201	12.9
5.1	8.7	17.98	1157.6	15.1	3.7	0.213	13.28
5	8.68	17.28	1157.7	15.4	3.7	0.22	13.09
5	8.68	18.16	1157.4	15.8	3.5	0.228	13.36
4.9	8.66	17.62	1166.9	14.8	3.6	0.218	12.93
5	8.53	18.56	1152.9	16	3.5	0.207	12.21
5	8.62	19.15	1164.3	17	3.4	0.196	12.83
5	8.59	18.76	1165.6	15.5	3.3	0.209	13.13
4.9	8.58	15.97	1169.3	16.8	3.5	0.207	13.12
4.7	8.56	18.3	1168.8	16.5	3.3	0.211	12.93
4.7	8.55	16.94	1170.3	16.7	3.2	0.202	12.85
5	8.61	19.01	1167.8	17.4	3.2	0.186	13.02
5.1	8.69	18.05	1160.5	19.4	3.8	0.18	13.11
4.9	8.65	19.24	1168.9	19.9	3.8	0.208	13.29
4.7	8.63	17.29	1168.8	22.1	3.8	0.204	12.89
4.7	8.6	18.42	1169.1	19	3.7	0.206	12.81
4.7	8.59	18.25	1173.3	19.5	3.5	0.2	13
5.2	8.66	18.53	1168.1	22.6	3.6	0.187	12.5
5.2	8.74	20.61	1160.8	22.8	4	0.19	12.94
5	8.7	20.16	1166.5	21.4	4	0.199	12.72
4.9	8.66	18.71	1166.2	22.2	3.9	0.203	12.82
4.7	8.64	18.12	1171	22.6	4	0.196	12.56
4.7	8.61	18.4	1171.6	22.2	3.7	0.196	12.82
4.7	8.64	16.79	1168.9	23.1	3.9	0.188	12.75
4.7	8.69	19.58	1167.5	23	3.8	0.191	12.59
4.7	8.64	17	1173.4	24.5	3.8	0.18	12.74
4.7	8.63	16.4	1172.6	20.9	3.7	0.187	12.54
4.6	8.61	17.58	1177.3	22.6	3.6	0.185	12.78
4.6	8.58	17.69	1178	21.9	3.7	0.178	12.62
4.9	8.66	17.63	1173.4	23.8	3.8	0.176	12.64
5	8.75	20.01	1167.3	24.8	4.2	0.18	12.56
4.7	8.72	19.81	1171.2	24.3	3.9	0.192	12.64
4.8	8.7	19.09	1172.3	25.4	4.2	0.175	12.53
4.7	8.66	19.28	1176	25.2	4	0.178	12.48
4.4	8.65	18.75	1174.1	23.8	3.8	0.177	12.47
4.9	8.7	19.31	1170.8	24.8	3.7	0.174	12.12
5	8.78	20.12	1161.2	27.7	4.2	0.174	12.39
4.9	8.74	20.1	1172.2	23.7	4.2	0.173	12.32
4.9	8.73	19.79	1172.8	28.1	4.2	0.176	12.47
4.7	8.7	15.81	1174.6	26.6	4.1	0.179	12.38
4.7	8.67	19.19	1174.5	28.2	3.9	0.179	12.43
4.6	8.73	19.4	1177	25.5	3.9	0.176	12.3
4.7	8.76	20.37	1173.2	28.4	4.3	0.098	12.35
4.7	8.7	18.97	1175.1	24.5	4.1	0.106	12.64
4.7	8.66	16.74	1183.8	26.3	4.1	0.106	12.36
4.6	8.64	18.45	1175.2	24.2	4	0.106	12.37
4.4	8.64	17.21	1177.3	24.5	3.6	0.11	12.33
5	8.66	18.66	1182.5	25	4	0.098	12.28
5.2	8.73	16.91	1173.6	29.3	4.6	0.099	12.16
4.9	8.64	18.28	1181.8	24.5	4.4	0.113	12.23
4.6	8.61	17.91	1185.8	23	4	0.116	11.92
4.4	8.52	17.17	1192.5	22.4	4	0.11	12.21
4.7	8.51	17.09	1194.7	20.2	3.8	0.108	12.13
4.9	8.59	17.85	1188.8	23.6	4	0.107	11.71
5.2	8.66	17.84	1183	25.4	4.4	0.107	12.15
4.9	8.65	17.23	1181.3	23.9	4.3	0.114	11.88
4.9	8.62	18.14	1192.7	24	4	0.107	11.64
4.9	8.58	16.66	1192.6	22.2	3.8	0.1	11.78
4.6	8.62	18.26	1181	24.1	3.6	0.095	11.92
5	8.69	18.85	1184.3	23.5	3.8	0.092	11.81
5.2	8.74	19.71	1180.8	26	4.2	0.08	11.86
5	8.69	18.86	1184.3	23.7	4.1	0.1	11.62
4.9	8.66	17.19	1187.5	20.9	4	0.099	11.65
4.7	8.63	16.84	1191.4	22	4	0.092	11.71
4.7	8.61	16.84	1193.3	20	3.9	0.094	11.63
4.9	8.68	19.74	1185.5	25	5.5	0.094	11.58
5	8.76	17.4	1184.6	24.4	5.9	0.098	11.76
4.9	8.72	19.32	1186.1	25.2	5.7	0.098	11.69
4.7	8.7	19.33	1185	20.4	5.7	0.1	11.49
4.6	8.66	19.35	1191.3	24.6	5.7	0.099	11.86
4.6	8.64	19.07	1194.9	20.9	5.5	0.099	11.78
4.9	8.72	19.76	1188.4	25.4	5.5	0.093	11.66
5	8.79	18.9	1191.9	25.7	5.7	0.103	11.75
4.9	8.73	19.47	1188.2	25.4	5.8	0.092	11.68
4.7	8.67	19.44	1189.1	24.8	5.9	0.1	11.9
4.4	8.67	18.57	1192.6	22.7	5.8	0.108	11.94
4.6	8.65	18.58	1195.5	23.5	5.7	0.104	11.9
4.9	8.75	19.16	1192.9	25	6.1	0.1	11.95
5.1	8.83	21.27	1179.3	30.9	6.3	0.103	11.94
4.9	8.77	20.76	1187	20.9	6.1	0.107	12.21
4.7	8.7	18.71	1186.8	23.7	6	0.104	12.49
4.6	8.69	18.14	1188.4	32.8	5.8	0.113	12.12
4.6	8.67	16.59	1190	27.2	5.8	0.115	12.29
4.6	8.77	20.2	1184.7	27.8	6	0.11	12.38
4.8	8.84	20.89	1187.1	26.8	6.2	0.104	12.27
4.7	8.82	19.73	1176.3	25.5	6.5	0.098	12.6
4.7	8.78	18.97	1178.1	26.8	6.3	0.118	12.49
4.6	8.76	19.25	1180.4	26.1	6.2	0.123	12.65
4.6	8.75	20.08	1184.1	26	5.9	0.123	12.66
5	8.84	20.91	1176.4	29.8	6.1	0.111	12.47
5.2	8.9	22.04	1169.1	31.6	6.2	0.113	12.7
5	8.88	19.28	1167.1	34.2	6.4	0.115	12.44
4.9	8.83	21.62	1174.8	23.4	6.5	0.122	12.69
4.9	8.8	19.19	1170.6	26.7	6.2	0.132	12.61
4.7	8.76	19.87	1170	25.7	5.9	0.123	12.92
4.8	8.82	21.5	1164.7	26	5.8	0.12	12.44
4.9	8.87	21.63	1150.7	29.3	5.9	0.126	12.85
4.9	8.82	20.89	1156.6	24.4	6	0.133	12.93
4.8	8.78	16.1	1155.9	28.7	6	0.134	13.05
4.7	8.75	20.18	1160.9	26.4	5.8	0.141	13.09
4.7	8.75	20.07	1160.6	23.6	5.7	0.143	13.02
5	8.81	20.6	1157.6	25.6	5.9	0.14	13.36
5	8.84	21.14	1150.7	25.4	6.4	0.142	13.19
4.7	8.78	20.13	1157.9	29.2	5.8	0.157	13.35
4.6	8.74	19.65	1153.2	23.5	5.7	0.149	13.19
4.5	8.72	19.84	1156.2	29.6	5.6	0.149	13.6
4.4	8.7	19.45	1157.3	22.7	5.9	0.154	13.04
4.7	8.78	20.6	1152.7	26.4	5.6	0.16	13
4.9	8.84	21.34	1146.3	27.9	6.3	0.16	13.46
4.6	8.77	20.33	1150.5	25.4	5.9	0.171	13.52
4.4	8.74	19.63	1152	26.9	5.8	0.17	13.35
4.4	8.72	19.37	1148.4	23.4	5.6	0.17	13.13
4.3	8.71	19.12	1153.7	26.5	5.4	0.164	13.1
4.7	8.79	19.48	1148	26	5.6	0.167	13.39
4.8	8.85	20.73	1139.6	26.4	6.2	0.158	13.29
4.6	8.8	20.69	1139.4	28.5	6.1	0.173	13.37
4.4	8.78	19.66	1141.2	24.4	5.7	0.176	13.14
4.4	8.76	19.11	1143.5	25.8	5.6	0.173	13.16
4.3	8.75	15.38	1146.5	25.7	5.5	0.161	13.37
4.6	8.81	20.08	1142	23.3	5.7	0.161	13.2
4.6	8.85	18.45	1137.1	28.5	6	0.165	13.25
4.4	8.81	20.76	1138.4	26.6	5.8	0.17	13.35
4.4	8.79	17.41	1139.8	25.3	5.6	0.168	13.16
4.4	8.76	18.05	1138.4	26.1	5.8	0.166	13.18
4.4	8.75	17.62	1139.9	21.5	5.4	0.163	13.12
4.5	8.79	19.76	1134.6	24.8	5.6	0.165	13.14
4.6	8.8	20.74	1121.5	30.1	5.5	0.17	13.37
4.6	8.8	16.01	1123	9.2	5.6	0.164	13.11
4.4	8.78	17.22	1130.1	10.2	5.5	0.165	13.22
4.4	8.76	18.35	1130.1	11.6	5.6	0.167	13
4.3	8.76	17.31	1132.9	11	5.3	0.162	13.43
4.7	8.81	19.23	1128.1	9.2	5.4	0.164	13.14
4.9	8.88	18.81	1117.5	11.4	6	0.156	13.2
4.7	8.86	20.81	1118.3	14.2	5.9	0.17	13.08
4.6	8.84	20.69	1123	13.8	5.8	0.164	12.78
4.6	8.8	19.78	1125.5	9.2	5.5	0.159	12.92
4.5	8.8	19.16	1124.2	11.2	5.4	0.152	12.99
5	8.85	20.52	1115.9	13.8	5.8	0.152	12.9
5.2	8.89	20.52	1109.4	16.9	6.2	0.152	12.59
4.9	8.87	20.53	1113.8	17.4	6.3	0.166	12.74
4.9	8.86	17.7	1117	15.1	6.2	0.168	12.84
4.9	8.84	19.51	1117.2	15.6	6.1	0.17	12.69
4.9	8.83	19.84	1113.6	14.8	5.8	0.158	12.64
5.2	8.88	21.27	1109.8	15.9	6.2	0.152	12.52
5.3	8.94	22.24	1102.2	14	6.4	0.156	12.61
5	8.88	18.38	1109.6	16.2	6.3	0.157	12.8
5	8.86	18.22	1107.7	16	6.1	0.163	12.62
5	8.83	18.05	1110	14.9	6.1	0.163	12.48
5	8.83	18.44	1107.5	10	6	0.159	12.86
5.6	8.9	20.81	1102.5	14.2	6.5	0.152	12.93
5.6	8.94	22.21	1093.9	15	6.7	0.153	12.98
5.3	8.92	19.85	1096.6	19.3	6.8	0.165	12.56
5.2	8.9	19.35	1098.6	16.9	6.4	0.171	12.82
5.2	8.85	19.57	1100.4	16.5	6.4	0.161	12.7
5	8.85	20.45	1102.8	15	6.1	0.157	12.45
5.7	8.92	21.73	1095	15.5	6.5	0.146	12.31
5.9	8.96	22.29	1089.2	17.5	7.3	0.151	12.72
5.4	8.95	21.52	1088.9	20.8	6.8	0.172	12.68
5.4	8.91	20.59	1091.4	19.8	6.7	0.168	12.49
5.3	8.86	20.56	1098.1	16.3	6.3	0.159	12.55
5.2	8.86	19.94	1090.4	15.2	6	0.157	12.12
5.9	8.91	21.18	1082.9	16.9	6	0.14	11.95
6	8.96	22.24	1080.2	15.3	6.6	0.144	12.32
5.7	8.98	22.27	1074.9	20.6	6.6	0.156	12.21
5.6	8.9	21.35	1088.3	17.2	6.6	0.156	12.27
5.4	8.87	20.75	1092.6	17.5	6.3	0.158	12.53
5.5	8.85	20.09	1094.1	13.8	6.2	0.155	12.25
5.9	8.93	18.12	1054.5	15.6	6	0.151	12.15
5.8	8.96	21.23	1069	15	6.5	0.131	11.88
5.6	8.92	21.51	1084	15.1	6.7	0.153	12.39
5.4	8.88	18.43	1085.7	16.1	6.4	0.155	12.24
5.4	8.84	16.84	1085	12	6.4	0.154	12.01
5.4	8.84	18.06	1084.8	13.6	6.1	0.157	12.25
6	8.91	21.03	1082.7	20.1	6.8	0.151	12.05
6.3	8.97	21.52	1075.4	16	7.6	0.167	12.42
5.9	8.95	21.36	1072.3	19.7	7.1	0.183	12.37
5.8	8.9	20.47	1076.8	17.4	6.5	0.164	12.44
5.6	8.87	19.96	1078.5	15	6.3	0.161	12.13
5.7	8.85	19.55	1081	15.1	6.1	0.158	12.09
6.4	8.92	20.53	1071.4	14.6	6.8	0.156	12.06
7	8.96	21.71	1058.7	15	6.5	0.171	12.02
6.7	8.98	21.9	1063.3	16.3	6.7	0.152	11.96
6.4	8.94	21.31	1064.3	16.1	6.1	0.165	11.85
6.3	8.93	19.7	1063	17.5	6.2	0.152	12.04
6.2	8.91	20.89	1066.7	16	6.3	0.151	12.1
6.6	8.99	22.19	1059	20.9	6.9	0.156	12.27
7	9.05	22.89	1050.8	20	7.4	0.159	11.51
7.2	9.01	20.76	1048	17.9	6.2	0.17	12.15
6.9	8.98	20.3	1041	20.6	6.1	0.14	11.89
6.9	8.98	22.25	1047	16.2	5.9	0.143	11.89
6.8	8.96	21.89	1049.7	21	6.4	0.138	12.07
7.2	9.06	23.35	1045.1	20.2	7.7	0.142	12.53
7.6	9.15	25.67	1034.2	30.2	8.6	0.158	11.97
7.4	9.08	17.12	1034.9	26.7	6.5	0.182	12.14
7.1	9.08	22.57	1035.6	24.1	6.4	0.128	11.77
6.7	9.05	21.39	1031.2	17.2	6.3	0.123	11.87
6.5	9.03	22.96	1024.9	12.8	6.1	0.114	11.84
7	9.12	23.96	1022.6	21.4	7.2	0.114	11.22
7.3	9.17	23.38	1032.2	26.4	7.6	0.135	12.25
7.4	9.12	24.09	1027.1	27.7	6.4	0.135	12.16
7.3	9.09	22.89	1022.2	19.7	5.8	0.114	11.81
6.9	9.07	17.84	1014.1	13.8	5.5	0.103	11.65
6.6	9.07	17.66	1016.8	12.7	5.4	0.096	11.89
7.3	9.1	23.72	1009.5	23.7	5.8	0.086	11.33
7.9	9.16	18.64	1016.9	25.9	7.3	0.096	11.64
7.9	9.12	22.11	999.4	22	6	0.119	11.7
7.6	9.09	23.91	994.1	15.8	5.6	0.1	11.43
7.4	9.07	22.03	999.7	15.3	5.2	0.092	11.49
7	9.04	23.01	995.8	17.6	5.5	0.085	11.44
8	9.06	22.34	959.4	21.1	4.6	0.088	10.8
9.2	9.07	22.53	961.6	19.4	5.3	0.072	10.58
8.6	9.05	22.72	948.3	14.8	5.1	0.096	10.64
7.7	9.01	21.66	951	11.3	4.8	0.091	10.97
7.3	8.96	21.64	963.4	11.4	4.8	0.082	10.97
6.7	8.98	21.48	957.2	10.6	4.9	0.075	10.66
7.7	9.02	22.27	952.2	13.9	5	0.072	9.93
8.8	9.06	22.12	947.9	15.5	5.2	0.074	10.48
8.3	9.04	21.69	947.8	14.7	5.2	0.078	10.44
7.7	8.97	20.09	964.4	11.8	5.1	0.079	10.51
7.3	8.96	20.46	962.2	11.5	5	0.073	10.84
6.9	9	20.49	940.8	11.2	4.9	0.067	10.78
8.3	9.05	20.39	926.3	16.1	5.2	0.058	10.19
8.7	9.14	23.78	923.8	18.6	6.2	0.062	10.13
8.3	9.15	24.95	928	20.8	6.1	0.079	10.29
7.6	9.1	23.15	930.9	19	5.9	0.085	10.67
7.1	9.07	20.48	933.7	16	5.6	0.076	10.81
6.6	9.06	23.07	935.5	14.9	5.6	0.068	10.87
7.5	9.13	23.85	928.4	19.3	6.3	0.061	10.12
8.6	9.02	21.92	978.6	14.7	6.1	0.068	10.48
8.4	9	20.26	990.6	18	5.7	0.071	10.25
8.2	8.95	19	1003.6	10.3	5.5	0.066	10.49
7.9	8.91	19.58	1006.9	12.4	5.3	0.062	10.66
7.7	8.9	19.09	1011.4	12.4	5.5	0.057	10.96
8.4	9.01	20.85	1002.2	17.3	5.4	0.054	9.73
9.1	9.12	22.94	989.7	18	6.3	0.06	10.44
9	9.11	20.64	983.8	19.3	6.1	0.067	10.48
9	9.06	22.05	981.8	21.2	5.8	0.061	10.55
8.6	9.02	21.55	975.5	12.3	5.6	0.06	10.59
8	9.04	21.81	966.8	15.8	5.4	0.053	10.69
9	9.06	21.94	975.4	20.6	5.8	0.051	10.4
9.2	9.15	23.86	965.7	19.4	6.6	0.054	10.66
9	9.14	24.31	952.7	22.7	6.6	0.07	10.59
8.5	9.12	23.55	930.5	17.2	6	0.066	10.45
8.1	9.08	22.92	934.9	13	5.8	0.06	10.64
7.9	9.09	21.27	931.2	14.7	5.7	0.055	11.01
9.3	9.16	23.56	910.2	15.6	5.5	0.055	9.95
10.9	9.2	23.8	900.1	18.2	5.5	0.05	9.68
10	9.19	23.38	905.1	17.2	5.8	0.065	9.62
8.7	9.07	20.44	924	13.8	5.7	0.067	10.05
7.9	9.01	19.36	932.9	10.7	5.5	0.062	10.26
7.6	9.04	18.5	936.4	10.6	5.5	0.059	10.36
8.8	9.1	20.57	929.2	14	5.6	0.046	9
9.9	9.11	20.86	922.2	15.3	5.8	0.058	9.68
9.2	9.11	17.56	931.4	14.3	5.5	0.066	9.5
8.7	9.05	17.63	940.8	12.5	5.6	0.059	9.86
8.2	9.02	19.11	948.9	9	5.4	0.059	9.99
8	9.02	17.87	952.8	10.4	5.5	0.05	10.03
9.4	9.06	19.32	945.7	12.9	5.4	0.046	9.4
10.3	9.16	21.79	930.8	13.6	5.9	0.043	9.59
9.1	9.19	21.74	929.2	14.5	6.2	0.056	9.29
9.1	9.14	17.74	937	13.5	5.8	0.07	9.3
8.6	9.07	18.21	942.3	11	5.6	0.059	9.73
8.2	9.03	19.7	953.1	11.1	5.9	0.058	9.93
9.8	9.11	18.94	945.8	13.2	5.5	0.052	9.54
11	9.18	18.71	933.8	15.7	5.6	0.047	9.36
10.3	9.16	20.15	934.9	11.9	5.5	0.054	9.24
9.8	9.12	20.28	941	12.5	5.5	0.056	9.43
9.1	9.05	18.89	947.3	10.1	5.3	0.054	9.43
8.6	9.03	17.04	952.3	8.9	5.5	0.051	9.73
9.8	9.1	17.87	949.9	13.2	5.6	0.048	9.33
11	9.14	18.76	940.5	16.4	5.9	0.056	9
9.9	9.12	19.32	949.3	13.3	5.9	0.06	9.21
9.4	9.04	16.66	950.2	12.3	5.6	0.056	9.37
8.9	9.02	16.91	954.4	11.1	5.7	0.052	9.36
8.7	9.02	16.34	954.5	10.4	5.7	0.048	9.78
10.3	9.09	18.44	945.6	12.2	5.2	0.044	8.91
13	9.14	19.61	930.4	12.6	5.2	0.038	9.02
12	9.14	17.81	924.9	14.2	5.1	0.047	8.84
11.2	9.08	18.24	932.8	11.2	5.1	0.049	8.85
10.4	9.06	17.99	937.1	10.5	5.1	0.049	8.88
9.9	9.02	17.07	944.9	10.1	5	0.048	9.16
10.6	9.07	18.35	946.2	12	5.4	0.047	9.07
10.7	9.18	20.15	936.5	16.8	6.6	0.049	8.62
10.6	9.11	19.63	941.2	14.7	5.9	0.06	8.93
10.5	9.03	18.42	950.8	13.1	5.6	0.058	9.04
10.3	8.94	16.7	957.8	11.7	5.3	0.052	8.97
10.2	8.89	16.29	964.9	11.3	5.4	0.053	9
11.4	9.12	18.93	938.8	12.1	5.3	0.051	8.82
11.9	9.16	19.8	933.9	19.6	5.8	0.054	8.69

